<?xml version="1.0" encoding="utf-8"?>
<!DOCTYPE hibernate-configuration PUBLIC
"-//Hibernate/Hibernate Configuration DTD 3.0//EN"
"http://hibernate.sourceforge.net/hibernate-configuration-3.0.dtd">
<hibernate-configuration>
    <session-factory>
        <property name="hibernate.bytecode.use_reflection_optimizer">false</property>
        <property name="hibernate.connection.driver_class">oracle.jdbc.driver.OracleDriver</property>
        <property name="hibernate.connection.password">vislab22</property>
        <property name="hibernate.connection.url">jdbc:oracle:thin:@iwi-lkit-db-01:1521:LAB1</property>
        <property name="hibernate.connection.username">vislab22</property>
        <property name="hibernate.current_session_context_class">thread</property>
        <property name="hibernate.default_schema">VISLAB22</property>
        <property name="hibernate.dialect">org.hibernate.dialect.OracleDialect</property>
        <property name="hibernate.format_sql">true</property>
        <property name="hibernate.search.autoregister_listeners">false</property>
        <property name="hibernate.show_sql">true</property>
        <mapping resource="vislabExample/model/db/Customer.hbm.xml" />
        <mapping resource="vislabExample/model/db/Product.hbm.xml" />
        <mapping resource="vislabExample/model/db/Category.hbm.xml" />
        <mapping resource="vislabExample/model/db/Admin.hbm.xml" />
    </session-factory>
</hibernate-configuration>
