<?xml version="1.0"?>
<!DOCTYPE hibernate-mapping PUBLIC "-//Hibernate/Hibernate Mapping DTD 3.0//EN"
"http://hibernate.sourceforge.net/hibernate-mapping-3.0.dtd">
<!-- Generated 14.05.2011 12:24:04 by Hibernate Tools 3.4.0.CR1 -->
<hibernate-mapping>
    <class name="vislabExample.model.db.Admin" table="ADMIN">
        <id name="username" type="java.lang.String">
            <column name="USERNAME" />
            <generator class="assigned" />
        </id>
        <property name="password" type="java.lang.String">
            <column name="PASSWORD" />
        </property>
    </class>
</hibernate-mapping>
