<?xml version="1.0"?>
<!DOCTYPE hibernate-mapping PUBLIC "-//Hibernate/Hibernate Mapping DTD 3.0//EN"
"http://hibernate.sourceforge.net/hibernate-mapping-3.0.dtd">
<!-- Generated 14.05.2011 12:23:07 by Hibernate Tools 3.4.0.CR1 -->
<hibernate-mapping>
    <class name="vislabExample.model.db.Category" table="CATEGORY">
        <id name="label" type="java.lang.String">
            <column name="LABEL" />
            <generator class="assigned" />
        </id>
        <set name="products" cascade="all" lazy="true">
        	<key column="CATEGORY"/>
        	<one-to-many class="vislabExample.model.db.Product"/>
    	</set>
    </class>
</hibernate-mapping>
