<?xml version="1.0"?>
<!DOCTYPE hibernate-mapping PUBLIC "-//Hibernate/Hibernate Mapping DTD 3.0//EN"
"http://hibernate.sourceforge.net/hibernate-mapping-3.0.dtd">
<!-- Generated 14.05.2011 12:12:07 by Hibernate Tools 3.4.0.CR1 -->
<hibernate-mapping>
    <class name="vislabExample.model.db.Product" table="PRODUCT">
        <id name="id" type="java.lang.Long">
            <column name="ID" />
            <generator class="assigned" />
        </id>
        <property name="label" type="java.lang.String">
            <column name="LABEL" />
        </property>
        <property name="description" type="java.lang.String">
            <column name="DESCRIPTION" />
        </property>
        <property name="price" type="double">
            <column name="PRICE" />
        </property>
		<many-to-one name="category" column="CATEGORY" class="vislabExample.model.db.Category"/>
    </class>
</hibernate-mapping>
